{
  "mae": 1955.2463266207653,
  "rmse": 2936.4076992185574,
  "rows": 15188,
  "features": 32
}