{
  "mae": 12.76736779435827,
  "rmse": 15.802577866944189,
  "rows": 15188,
  "features": 32
}