{
  "mae": 0.022607575992665156,
  "rmse": 0.030759446568971196,
  "rows": 15188,
  "features": 32
}