{
  "mae": 6.387673823479583,
  "rmse": 8.351401085998207,
  "rows": 15188,
  "features": 32
}