{
  "mae": 80.0423878035901,
  "rmse": 98.27305998090718,
  "rows": 15188,
  "features": 32
}